{"cameraMode":{"drawMode":0,"name":"Shaded","section":"Shading Mode"},"sceneLighting":false,"audioPlay":false,"sceneViewState":{"showFog":true,"showMaterialUpdate":true,"showSkybox":false,"showFlares":true,"showImageEffects":true,"showParticleSystems":true},"in2DMode":false,"pivot":{"x":0.000007474100129911676,"y":0.000030524915928253904,"z":-0.00001320631054113619},"rotation":{"x":0.009424050338566304,"y":0.967211127281189,"z":0.03628743812441826,"w":-0.2512006163597107},"size":0.00005715767838410102,"orthographic":false}