{"cameraMode":{"drawMode":0,"name":"Shaded","section":"Shading Mode"},"sceneLighting":true,"audioPlay":false,"sceneViewState":{"showFog":true,"showMaterialUpdate":true,"showSkybox":true,"showFlares":true,"showImageEffects":true,"showParticleSystems":true},"in2DMode":false,"pivot":{"x":138.62229919433595,"y":-36.775596618652347,"z":300.3390197753906},"rotation":{"x":-0.0380888432264328,"y":-0.9391821622848511,"z":0.3229493200778961,"w":-0.11066476255655289},"size":159.4614715576172,"orthographic":false}