{"cameraMode":{"drawMode":0,"name":"Shaded","section":"Shading Mode"},"sceneLighting":false,"audioPlay":false,"sceneViewState":{"showFog":true,"showMaterialUpdate":false,"showSkybox":false,"showFlares":true,"showImageEffects":true,"showParticleSystems":true},"in2DMode":false,"pivot":{"x":-0.0000057220458984375,"y":0.0,"z":0.0000057220458984375},"rotation":{"x":0.28412333130836489,"y":-0.08511223644018173,"z":0.02502625063061714,"w":0.9548153877258301},"size":74.67044067382813,"orthographic":false}