{"cameraMode":{"drawMode":0,"name":"Shaded","section":"Shading Mode"},"sceneLighting":false,"audioPlay":false,"sceneViewState":{"showFog":true,"showMaterialUpdate":true,"showSkybox":false,"showFlares":true,"showImageEffects":true,"showParticleSystems":true},"in2DMode":false,"pivot":{"x":78.59829711914063,"y":12.430715560913086,"z":323.4529724121094},"rotation":{"x":-0.06678516417741776,"y":0.8685823082923889,"z":0.12195946276187897,"w":0.47563737630844118},"size":5.196038246154785,"orthographic":false}