{"cameraMode":{"drawMode":0,"name":"Shaded","section":"Shading Mode"},"sceneLighting":false,"audioPlay":false,"sceneViewState":{"showFog":true,"showMaterialUpdate":true,"showSkybox":false,"showFlares":true,"showImageEffects":true,"showParticleSystems":true},"in2DMode":false,"pivot":{"x":-3.4975357055664064,"y":0.3906822204589844,"z":3.458017349243164},"rotation":{"x":-0.0883084163069725,"y":0.9012560844421387,"z":-0.21912029385566712,"w":-0.36321935057640078},"size":19.696819305419923,"orthographic":false}