{"cameraMode":{"drawMode":0,"name":"Shaded","section":"Shading Mode"},"sceneLighting":false,"audioPlay":false,"sceneViewState":{"showFog":true,"showMaterialUpdate":true,"showSkybox":false,"showFlares":true,"showImageEffects":true,"showParticleSystems":true},"in2DMode":false,"pivot":{"x":2.213427782058716,"y":-0.6485196352005005,"z":-2.9371163845062258},"rotation":{"x":0.04838017001748085,"y":0.36047568917274477,"z":-0.018722929060459138,"w":0.9313311576843262},"size":7.32865571975708,"orthographic":false}